"Kimberly Bradley","kbradley0@statcounter.com","7 Holmberg Junction","359-(442)975-9004"
"Louise Austin","laustin1@cmu.edu","66 Melody Park","351-(185)520-1297"
"Timothy Ortiz","tortiz2@oracle.com","51510 Mayfield Hill","63-(411)128-1236"
"Chris Carroll","ccarroll3@abc.net.au","643 Basil Center","30-(335)712-3187"
"Betty Campbell","bcampbell4@umn.edu","42 Merrick Hill","66-(445)587-1484"
"Gregory Brown","gbrown5@instagram.com","51512 Gulseth Crossing","31-(468)131-4506"
"Jeremy Andrews","jandrews6@diigo.com","5 Mayfield Alley","691-(884)656-8096"
"Russell Ferguson","rferguson7@i2i.jp","529 Susan Avenue","86-(373)564-0914"
"Jeffrey Turner","jturner8@google.co.jp","394 Waywood Road","1-(362)535-7152"
"Judith Ray","jray9@paypal.com","643 Clemons Lane","62-(925)953-7572"
